method,statistic,p_value
Log-rank,1.0540629755686608,0.3045731992988671
Gehan-Wilcoxon,0.652023077394177,0.41939030395254884
Tarone-Ware,0.6910564796382092,0.4058052651521926
Peto-Prentice,1.1454824250633573,0.2844968369364887
"Fleming-Harrington (1,1)",0.27744092148026456,0.5983834540318942
Higher Criticism (HC),1.513014773905443,0.005497251374312844
Fisher combination,157.06023241813344,0.00399800099950025
MinP (Bonferroni),9.168202722155891,0.001999000499750125
