method,statistic,p_value
Log-rank,1.2594820167469918,0.2617491605197702
Gehan-Wilcoxon,1.6927548808222876,0.19323821302364372
Tarone-Ware,1.5704522892938353,0.21014134250275365
Peto-Prentice,1.6018765609179297,0.20563747732096369
"Fleming-Harrington (1,1)",0.6481393711397924,0.4207786893815644
Higher Criticism (HC),1.1793756982478054,0.013993003498250875
Fisher combination,128.93227245790516,0.02798600699650175
MinP (Bonferroni),4.858388640657552,0.24187906046976512
