method,statistic,p_value
Log-rank,0.7570123332455604,0.38426512554873093
Gehan-Wilcoxon,0.4394870917867144,0.5073701182345771
Tarone-Ware,0.7744765813314017,0.37883573885607136
Peto-Prentice,0.574204503527191,0.448592979184008
"Fleming-Harrington (1,1)",2.234027911968041,0.13500150432986985
Higher Criticism (HC),1.2572034503043603,0.001999000499750125
Fisher combination,77.41303859748392,0.034482758620689655
MinP (Bonferroni),5.29147028198834,0.05747126436781609
