method,statistic,p_value
Log-rank,0.8684541849179053,0.35138361132067786
Gehan-Wilcoxon,4.169191617215163,0.041165436144597646
Tarone-Ware,0.844381680351065,0.3581466075242248
Peto-Prentice,3.868856713708331,0.049190018454879254
"Fleming-Harrington (1,1)",1.291665295883145,0.25574128452971934
Higher Criticism (HC),1.6949034155745157,0.0009995002498750624
Fisher combination,112.56130332637433,0.0004997501249375312
MinP (Bonferroni),7.1116696385545675,0.0074962518740629685
